question,pure_llm_answer,rag_answer,rag_sources,manual_factuality_1_5,manual_citation_1_5,manual_completeness_1_5,notes
TDOA水下定位的基本原理是什么？,"TDOA（Time Difference of Arrival，到达时间差）水下定位的基本原理是：利用目标声源发出的信号到达多个已知位置的水听器（接收阵元）的时间差，构建双曲面（在三维空间中为双曲面，在二维平面中为双曲线），通过多个时间差方程联立求解目标的空间坐标。

具体来说：

1. **声信号传播**：水下目标（如潜水器、鱼群、水下机器人等）发出一个瞬态或特征明显的声脉冲信号；该信号以声速 \(c\)（典型值约1500 m/s，随温度、盐度、深度变化）在水中向四周传播。

2. **多点接收与时间差提取**：至少3个（二维定位）或4个（三维定位）布设于已知坐标的水听器同步接收该信号。由于各水听器到目标的距离不同，信号到达时间不同。选取一个水听器作为参考（如编号为1），计算其余各水听器相对于该参考的到达时间差 \(\Delta t_{i1} = t_i - t_1\)（\(i = 2,3,\dots\)）。

3. **几何关系建模（双曲面定位）**：  
   时间差对应距离差：\(\Delta d_{i1} = c \cdot \Delta t_{i1} = \| \mathbf{r}_i - \mathbf{r} \| - \| \mathbf{r}_1 - \mathbf{r} \|\)，  
   其中 \(\mathbf{r}\) 是待求目标位置，\(\mathbf{r}_i\) 是第 \(i\) 个水听器的位置。  
   该方程描述的是以水听器 \(i\) 和 \(1\) 为焦点、距离差为常数的双曲面（三维）或双曲线（二维）——即目标必位于该双曲面上。

4. **定位解算**：  
   每一对水听器提供一个TDOA方程，构成非线性方程组。通过最小二乘法、Taylor级数展开迭代法、Chan算法、Fang算法或基于优化的方法（如LM算法）求解目标坐标 \(\mathbf{r}\)。

关键特点：  
- TDOA不依赖目标发射时刻的绝对时间信息，因此无需目标与接收系统严格时间同步（相比TOA）；  
- 对时钟偏移和漂移鲁棒性较强，仅需接收端各水听器之间高精度同步（通常通过电缆授时或水下无线同步技术实现）；  
- 定位精度受声速建模误差、时间差测量精度（如互相关峰检测精度）、阵列几何构型（GDOP）影响显著。

简言之：TDOA水下定位是通过测量同一声源信号到达不同已知位置水听器的相对时间差，将每个时间差转化为一条双曲线/双曲面，多条双曲线/双曲面交点即为目标位置。","TDOA（Time Difference of Arrival，到达时间差）水下定位的基本原理是：**利用未知声源发射的信号到达多个固定接收器（如水听器）的时间差，构建双曲面方程组，通过求解该方程组实现声源位置估计；由于发射时刻未知且无需声源与接收器同步，仅能获得相对时间差而非绝对传播时间**。

具体依据如下：

- TDOA方法适用于**未知、非合作声源**（即声源不参与时钟同步或收发交互），避免了需已知发射时刻的TOA（Time of Arrival）方法的局限性[3]；  
- 其物理基础是：对至少三个空间分布的接收器，任意两两之间的时间差对应一个以该两接收器为焦点的**双曲面**（在三维空间中）或**双曲线**（在二维水平面中），声源必位于该双曲面交线上[3]；  
- 文献明确指出：“TDOA is a method that calculates the source location from the differences of arrival times measured on transmission paths between the source and fixed receivers”[3]；  
- 并强调：“the transmit instant is assumed unknown (transmitter is not synchronized with the receivers), the time-of-flight cannot be determined—only the time differences”[4]。

补充说明：  
- 最少需**三个接收器**才能在水平面内唯一确定二维位置（若考虑深度，则需更多约束或额外接收器/先验信息）[3]；  
- 实际应用中常结合优化算法（如TSWLS、Majorization-Minimization等）求解非线性TDOA方程组，以抑制测量噪声和传感器位置误差的影响[1][2]。

综上，TDOA水下定位的核心原理是**基于异步接收的时差构建双曲几何关系进行无源定位**[3][4]。","[1] 04_2023_Efficient_Underwater_Acoustical_Localization_Method_Based_on_TDOA_with_Sensor_Position_Errors.pdf，第 3 页，chunk 267
[2] 05_2020_Underwater_TDOA_Acoustical_Location_Based_on_Majorization-Minimization_Optimization.pdf，第 4 页，chunk 362
[3] 02_2024_Underwater_Acoustic_Source_Seeking_Using_Time-Difference-of-Arrival_Measurements.pdf，第 2 页，chunk 121
[4] 11_2022_Multipath_Propagation_of_Acoustic_Signal_in_a_Swimming_Pool—Source_Localization_Problem.pdf，第 11 页，chunk 921",,,,
未知声速会怎样影响TDOA/FDOA联合定位？,"未知声速会严重破坏TDOA/FDOA联合定位的精度和可靠性，具体表现为：

1. **TDOA误差被系统性放大**：  
TDOA（到达时间差）依赖于声波在介质中传播的时间差，而时间差 = 距离差 / 声速。若将实际声速 \(c_{\text{true}}\) 误设为 \(c_{\text{assumed}}\)，则反演得到的距离差被缩放为 \(\Delta d_{\text{est}} = c_{\text{assumed}} \cdot \Delta t = \frac{c_{\text{assumed}}}{c_{\text{true}}} \cdot \Delta d_{\text{true}}\)。即所有双曲线定位面（hyperbolas）发生全局尺度畸变——声速低估（\(c_{\text{assumed}} < c_{\text{true}}\)）导致估计目标位置整体“内缩”，高估则“外扩”。该误差不随信噪比改善而减小，是**系统性偏差**。

2. **FDOA与TDOA的物理一致性被破坏**：  
FDOA（到达频率差）反映的是目标相对于各接收器的径向速度分量，其理论表达式含声速：  
\[
\Delta f_{ij} \approx \frac{f_0}{c} (\mathbf{v} \cdot \hat{\mathbf{u}}_j - \mathbf{v} \cdot \hat{\mathbf{u}}_i)
\]  
其中 \(f_0\) 为载频，\(\hat{\mathbf{u}}_i\) 为第 \(i\) 个接收器指向目标的单位矢量。注意：FDOA模型中的 \(\hat{\mathbf{u}}_i\) 依赖于由TDOA解算出的目标位置，而该位置已因声速误设而偏移；同时FDOA公式本身也显式含 \(c\)。若TDOA子系统用错 \(c\) 解出错误几何构型，再用同一错误 \(c\) 或不同 \(c\) 解FDOA，会导致TDOA与FDOA所隐含的运动学约束（位置-速度耦合）自相矛盾，使联合优化目标函数出现虚假极小值，甚至完全失效。

3. **联合定位的可观测性与解耦能力退化**：  
TDOA-FDOA联合定位本可解耦目标位置、速度及部分时钟偏差等参数，前提是声速已知且恒定。一旦声速未知，它与目标位置（尤其径向距离）、发射时刻、甚至接收机时钟漂移产生强耦合（例如：距离误差与声速误差在TDOA中同为乘性因子；FDOA中声速与视线方向余弦耦合）。此时参数空间出现近似秩亏（near-rank-deficiency），极大削弱对目标状态的唯一可辨识性，导致估计方差剧增、收敛困难、解不稳定。

4. **环境非均匀性加剧问题**：  
实际水下/大气声信道中声速随温度、盐度、压力（水下）或温湿度（空气中）空间变化。单一标量声速假设本身即为模型失配；若还使用错误的标称值，误差将非线性累积，尤其在大孔径阵列或远场条件下，几何失真不可忽略。

✅ **简言之：未知声速不是简单增加噪声，而是引入与位置、速度、时间参数深度耦合的系统性模型误差，直接瓦解TDOA与FDOA之间的物理一致性，导致联合定位结果严重偏置、发散或不可靠。实践中必须通过校准源、传播模型反演、或联合估计声速参数来应对。**","根据给定文献上下文，未知声速对TDOA/FDOA联合定位的影响如下：

1. **导致CRLB（克拉美-罗下界）恶化，且恶化机制非加性**：  
   文献[2]明确指出，在TDOA/FDOA联合定位中，当声速 $ c_0 $ 未知时，其影响被显式建模于混合CRLB（Hybrid CRLB）的第二项中；该影响与传感器参数误差共同作用，且“显然不是以加性方式引入的”（*apparently not incurred in an additive manner*）。这表明未知声速会非线性地、耦合地劣化定位参数 $ \boldsymbol{\theta}_o = [u_o^T, \dot{u}_o^T]^T $（即源位置与速度）的估计精度下界[2]。

2. **显著降低定位精度，且该影响是水下TDOA类系统的主要误差源之一**：  
   文献[4]指出：“在水下定位场景中，TDOA定位系统的精度会**显著受到**声传播速度不确定性的影响”（*can be significantly affected by the uncertainty of sound propagation speed*）；文献[1]亦将声速不确定性列为需重点量化的关键影响因素，因其直接制约定位精度提升[1][4]。

3. **未提供关于未知声速对TDOA/FDOA联合定位的具体量化指标（如精度下降百分比、偏差量级、收敛性变化等）**：  
   所有文献均未给出数值仿真结果、实测数据或解析表达式来说明未知声速导致的定位误差大小、FDOA相对于TDOA的补偿能力、或联合估计是否能缓解声速敏感性。因此，**无法依据当前文献判断未知声速对联合定位的相对影响程度是否大于纯TDOA方案，也无法评估其对时频测量耦合误差的具体贡献**。

综上：  
未知声速会通过非加性方式恶化TDOA/FDOA联合定位的CRLB，并显著降低实际定位精度[2][4]；但文献未提供足够证据支持其对联合定位的**具体影响机制（如是否引入系统性偏差、是否破坏可观测性、是否可被FDOA部分补偿）或量化影响程度**。  

→ 关键结论：  
- 未知声速使CRLB变差，且影响非加性[2]；  
- 是导致定位精度显著下降的关键因素[4]；  
- 影响的定量特征及联合定位下的鲁棒性证据不足。","[1] 04_2023_Efficient_Underwater_Acoustical_Localization_Method_Based_on_TDOA_with_Sensor_Position_Errors.pdf，第 20 页，chunk 323
[2] 01_2018_Underwater_Source_Localization_Using_TDOA_and_FDOA_Measurements_with_Unknown_Propagation_Speed_and_Sensor_Para.pdf，第 5 页，chunk 30
[3] 01_2018_Underwater_Source_Localization_Using_TDOA_and_FDOA_Measurements_with_Unknown_Propagation_Speed_and_Sensor_Para.pdf，第 4 页，chunk 26
[4] 04_2023_Efficient_Underwater_Acoustical_Localization_Method_Based_on_TDOA_with_Sensor_Position_Errors.pdf，第 20 页，chunk 322",,,,
传感器位置误差为什么会降低TDOA定位精度？,"传感器位置误差会直接降低TDOA定位精度，根本原因在于：**TDOA定位本质上依赖于各传感器相对于目标的精确几何关系来构建双曲面（hyperboloid）方程，而传感器自身坐标的不确定性会污染这些双曲面的几何结构，导致解算出的目标位置系统性偏移。**

具体机制如下：

1. **TDOA观测值隐含传感器位置信息**  
   TDOA（到达时间差）本身是两传感器接收信号的时间差，看似只与传播时间差有关。但将TDOA转化为几何约束（即双曲线/双曲面）时，必须已知两个传感器的精确坐标——因为双曲面的焦点位置就是传感器位置。若传感器坐标有误差（如Δxᵢ, Δyᵢ, Δzᵢ），则所构建的双曲面焦点位置错误，整个双曲面发生平移、旋转甚至形变，导致真实目标位置不再落在理论双曲面交线上。

2. **误差在非线性方程中被放大和耦合**  
   TDOA定位通常通过求解非线性方程组（如基于距离差的平方形式）或优化问题（如最小二乘）实现。传感器位置误差会以非线性方式（如出现在分母、平方根、距离差的高阶项中）混入观测方程，不仅引入偏差（bias），还增大解的方差；尤其当传感器构型不佳（如近共线）时，微小的位置误差会引起目标估计的剧烈抖动（病态性增强）。

3. **等效为额外的“伪TDOA误差”**  
   设传感器i的真实位置为 **pᵢ**，标称（有误差）位置为 **p̂ᵢ = pᵢ + εᵢ**。对目标位置 **x**，真实距离为 ‖x − pᵢ‖，但用标称位置计算的距离为 ‖x − p̂ᵢ‖。二者之差约为 **εᵢᵀ·uᵢ**（其中uᵢ为从p̂ᵢ指向x的单位向量），即传感器位置误差在视线方向上的投影。因此，基于标称位置计算的TDOA（如‖x−p̂ᵢ‖−‖x−p̂ⱼ‖）与真实TDOA（‖x−pᵢ‖−‖x−pⱼ‖）之间存在一个与目标方位相关的等效偏差，该偏差无法通过校准TDOA测量本身消除，属于模型失配误差。

4. **无法被TDOA测量冗余完全补偿**  
   即使增加传感器数量提升冗余度，传感器位置误差属于**系统性偏差**（而非随机噪声），其影响具有方向性和相关性。常规最小二乘或加权最小二乘方法若未将传感器位置作为联合待估参数，会将该偏差“吸收”进目标位置估计中，造成不可忽略的定位偏移；只有采用联合估计（如同时优化目标位置和传感器位置）或外置高精度标定，才能缓解，但这大幅增加复杂度和先验要求。

简言之：**TDOA定位不是仅靠“时间差”就能定位，而是靠“已知空间基准下的时间差”来定位；基准不准，再准的时间差也导不出准的位置。** 传感器位置误差动摇了整个几何定位的基准，是比TDOA测量噪声更致命的误差源之一。","根据提供的文献上下文，**传感器位置误差会降低TDOA定位精度，是因为其直接导致TDOA观测模型的几何映射关系失准，进而使定位解算对测量误差更加敏感；且该影响在源–传感器距离增大时被显著放大**。

具体机制如下：

- TDOA定位依赖于精确已知的传感器空间坐标，以构建双曲面（hyperbolic）定位方程。当传感器实际位置与其标称位置存在偏差（即位置误差）时，所构建的双曲面几何结构发生畸变，导致目标解偏离真实位置[3]。

- 文献[3]明确指出：水下环境中传感器难以保持静止（受洋流影响），位置误差普遍存在；现有方法（如TSWLS、三步WLS）虽尝试补偿该误差，但“其定位精度非常有限”[3]，说明位置误差本身是制约精度的关键瓶颈。

- 更重要的是，位置误差的影响与源–传感器距离强耦合：文献[1][2][4]一致表明，**当声源远离传感器阵列时，TDOA测量误差和不确定性对定位精度的影响显著增强（约降低10 dB）**，而传感器位置误差本质上等效于系统性TDOA建模偏差——它在远场条件下会进一步加剧双曲面交点的病态性（即双曲面夹角变小、灵敏度下降），使CRLB升高、MSE增大[1][2][4]。

⚠️ 注意：所给文献**未直接量化位置误差与TDOA误差的耦合传递函数**，也**未给出位置误差标准差与定位误差的解析关系式**；因此无法回答“每米位置误差导致多少米定位偏差”等定量问题。

结论：  
传感器位置误差通过破坏TDOA双曲面几何基准，放大远场条件下的定位不确定性，从而降低精度[1][2][3][4]。","[1] 06_2023_Underwater_Wireless_Sensor_Network-Based_Localization_Method_under_Mixed_Line-of-Sight_Non-Line-of-Sight_Condi.pdf，第 12 页，chunk 498
[2] 06_2023_Underwater_Wireless_Sensor_Network-Based_Localization_Method_under_Mixed_Line-of-Sight_Non-Line-of-Sight_Condi.pdf，第 12 页，chunk 496
[3] 04_2023_Efficient_Underwater_Acoustical_Localization_Method_Based_on_TDOA_with_Sensor_Position_Errors.pdf，第 2 页，chunk 264
[4] 06_2023_Underwater_Wireless_Sensor_Network-Based_Localization_Method_under_Mixed_Line-of-Sight_Non-Line-of-Sight_Condi.pdf，第 9 页，chunk 478",,,,
Majorization-Minimization如何用于水下TDOA定位？,"Majorization-Minimization（MM）本身**不直接用于水下TDOA定位**，它是一种通用的**优化算法框架**，而非针对水下TDOA定位的专用方法。在水下TDOA定位中，MM可被用作一种**求解非凸、非光滑定位优化问题的数值策略**，但需明确以下几点：

1. **问题本质**：水下TDOA定位的目标是根据多个水听器接收到的声源信号时间差（TDOA），估计声源三维位置（x, y, z）。其数学模型本质上是非线性的——TDOA对应于双曲面交点，目标函数（如加权最小二乘误差）关于源位置通常是**非凸、非二次、且可能含奇异性**（例如距离差为零时导数未定义）。

2. **MM的作用方式**：  
   - 给定原始非凸目标函数 \( f(\mathbf{p}) \)（如 \( f(\mathbf{p}) = \sum_{i<j} w_{ij} \left( \| \mathbf{p} - \mathbf{a}_i\| - \| \mathbf{p} - \mathbf{a}_j\| - d_{ij} \right)^2 \)，其中 \( \mathbf{a}_i \) 为第i个水听器位置，\( d_{ij} \) 为观测TDOA×声速），MM不直接最小化 \( f \)，而是每步构造一个**易优化的代理函数** \( g(\mathbf{p} \mid \mathbf{p}^{(k)}) \)，满足：  
     (i) \( g(\mathbf{p}^{(k)} \mid \mathbf{p}^{(k)}) = f(\mathbf{p}^{(k)}) \)，  
     (ii) \( g(\mathbf{p} \mid \mathbf{p}^{(k)}) \ge f(\mathbf{p}) \) 对所有 \( \mathbf{p} \)（即“上界”性质），  
     (iii) \( g \) 在 \( \mathbf{p}^{(k)} \) 处与 \( f \) 相切（通常要求一阶匹配）。  
   - 然后令 \( \mathbf{p}^{(k+1)} = \arg\min_{\mathbf{p}} g(\mathbf{p} \mid \mathbf{p}^{(k)}) \)。该子问题常可解析求解或转化为加权最小二乘、半定规划等凸问题（例如利用平方根项的二次上界、SCA近似、或对距离差函数进行局部二次主化）。

3. **水下场景的特殊考量**：  
   - 声速剖面非均匀 → TDOA与几何距离差关系非简单线性，需嵌入声线追踪模型，此时 \( f(\mathbf{p}) \) 更复杂，MM需配合声速场插值/查表构造可微上界；  
   - 测量噪声大、存在粗差 → 可结合鲁棒损失（如Huber函数），MM则需设计相应主化函数（如用二次函数上界Huber）；  
   - 水听器布放受限（如仅二维阵列）、可观测性差 → MM迭代易陷入局部极小，需配合良好初值（如球面插值、闭式两步法结果）或正则化。

4. **实际地位**：MM在水下TDOA中属于**小众但稳健的数值工具**，远不如高斯-牛顿、Levenberg-Marquardt、或基于WLS/SDP的闭式方法常用。其优势在于**无需计算Hessian、保证单调下降、避免步长搜索**，适合嵌入实时系统或资源受限平台；劣势是收敛慢、上界设计依赖技巧、对初值仍敏感。

✅ 总结：MM不是水下TDOA定位的“方法”，而是**一种可选的、用于稳定求解其底层非凸优化问题的迭代框架**——它通过构造易解的上界函数，将难解问题分解为一系列简单子问题，从而提升鲁棒性，但不改变问题的物理本质和精度上限。","根据给定文献上下文，Majorization-Minimization（MM）算法在水下TDOA定位中的应用方式如下：

- MM被用于求解基于最大似然（ML）比准则构建的TDOA定位优化问题；其核心是**构造一个易于优化的辅助函数（surrogate function），该函数在当前迭代点处“主导”（majorize）原始非凸/难解的目标函数，并在该点与原函数相切且值相等**，从而将原始复杂优化问题松弛为一系列更易处理的子问题[1]。

- 文献明确指出，MM被应用于“TDOA acoustic-based localization”中，以**进一步优化声源位置估计、减小定位误差**，弥补现有方法（如声线校正法[12]）“未进一步优化位置以降低误差”的不足[3]。

- 具体技术流程在第4.3节标题中被确认为“Majorization-Minimization Algorithm Based TDOA”，且第4节整体结构表明：先进行问题建模（4.1），再给出TDOA测量与初步定位步骤（Algorithm 1，见[4]），**最后专门 formulation MM优化技术用于TDOA定位**[2]。

- 然而，文献上下文**未提供MM的具体迭代形式、辅助函数构造细节（如如何选择quadratic majorizer）、收敛性分析或与其它算法（如Newton、GD）的对比数据**；也未说明是否处理了TDOA方程的双曲面非线性、时延测量噪声建模（如高斯/非高斯）、或水下声速剖面不均匀性对MM设计的影响。

✅ 关键结论：  
MM通过构造主导原始ML目标函数的可解辅助函数，迭代优化TDOA定位解，以提升精度并克服现有方法未充分优化的缺陷[1][3]。  
❌ 证据不足：  
文献未给出MM的具体数学实现（如式(14)–(17)与MM的耦合形式）、辅助函数表达式、收敛保障条件或水下信道失真（如多径、频散）下的鲁棒性设计。","[1] 05_2020_Underwater_TDOA_Acoustical_Location_Based_on_Majorization-Minimization_Optimization.pdf，第 1 页，chunk 340
[2] 05_2020_Underwater_TDOA_Acoustical_Location_Based_on_Majorization-Minimization_Optimization.pdf，第 7 页，chunk 381
[3] 05_2020_Underwater_TDOA_Acoustical_Location_Based_on_Majorization-Minimization_Optimization.pdf，第 2 页，chunk 351
[4] 05_2020_Underwater_TDOA_Acoustical_Location_Based_on_Majorization-Minimization_Optimization.pdf，第 9 页，chunk 390",,,,
NLOS条件为什么会给水下传感器网络定位带来偏差？,"NLOS（Non-Line-of-Sight，非直射路径）条件在水下传感器网络定位中会引入显著偏差，主要原因如下：

1. **声波传播路径弯曲与多径效应**：  
   水下声速并非均匀，而是随温度、盐度和压力（深度）变化形成声速剖面（如典型的负梯度层或S形剖面）。这导致声线发生折射而弯曲，实际传播路径不再是直线。定位算法（如TOA、TDOA）通常假设信号沿直线传播并以恒定声速（如1500 m/s）计算距离，但真实路径更长、曲率不一，造成测距高估，进而导致位置估计系统性偏移。

2. **多径干扰导致测距参数失真**：  
   NLOS场景常伴随强反射/散射（如海面、海底、礁石、温跃层），接收端可能捕获到多个到达时刻不同的路径信号。若定位算法错误地将最先到达的非直射路径（如海面反射波）当作直达波（LOS），或因信噪比低无法分辨直达波，则TOA/TDOA测量值严重偏离真实值；即使采用首达脉冲检测，水下混响时间长、脉冲展宽明显，首达时刻判别鲁棒性差。

3. **直达路径被遮挡或衰减殆尽**：  
   在复杂水下环境（如沉船内部、密集养殖网箱、浑浊水域或近海底地形遮挡），直达声路可能被完全阻断，接收信号仅由绕射、反射等NLOS路径构成。此时所有基于“直达波假设”的测距方法失效，传统算法会将NLOS路径距离误作节点间欧氏距离，导致定位解严重发散甚至落在物理不可达区域（如海底之下或水面以上）。

4. **缺乏有效NLOS识别与抑制机制**：  
   相比陆地无线通信，水下声学信道带宽窄、数据率低、时延扩展大，难以支持高分辨率信道冲激响应估计，使得NLOS路径与LOS路径在时域/频域上难以区分；同时，水下节点部署受限、移动性差，难以通过几何多样性（如多基站交叉验证）可靠识别NLOS链路。

综上，NLOS本质是水下声传播物理特性（折射、散射、吸收）与定位算法理想假设（直线、恒速、唯一直达路径）之间的根本矛盾，直接导致测距误差非高斯、非对称、空间相关性强，从而引发定位偏差——该偏差通常不是随机噪声，而是具有方向性和环境依赖性的系统性误差。","根据给定文献上下文，NLOS条件给水下传感器网络（UWSN）定位带来偏差的主要原因如下：

1. **NLOS传播引入非视距路径延迟，导致到达时间（TOA/TDOA）测量失真**：  
   文献明确指出，传统TDOA方法“typically assume ideal LOS propagation, neglecting the impact of multipath effects”[2]；而水下信道“often consist of multiple NLOS links”[2]，且NLOS路径（如海面反射SNLOS）的传播时延大于真实几何距离对应的LOS时延。当算法未区分或错误建模NLOS路径时，会将延长的传播时间误认为更远的直线距离，从而在定位方程中引入系统性正向偏差。

2. **NLOS信号常源于多径效应（如海面/海底反射），但能量衰减大、路径不可辨识**：  
   文献指出：“sound waves … can reach receiving sensors through various paths, including LOS and NLOS links”，但“only links with higher energy, such as the LOS and SNLOS propagation, can be detected”[4]；同时，NLOS被简化为“an equivalent NLOS link”[1]——说明其物理路径复杂、难以精确建模，等效处理必然损失几何信息，导致定位解偏离真实源位置。

3. **NLOS与LOS混合存在，且缺乏可靠判别机制**：  
   文献强调该文方法需“differentiate between the SNLOS links and the LOS links”[2]，反向印证：若无法准确区分（如在无先验信道知识或动态环境中），NLOS测量会被当作LOS使用，直接污染观测方程，造成定位偏差。

综上，NLOS引起偏差的核心机制是：**多径NLOS路径导致传播时延增大且几何关系失真，而现有方法难以精确建模或分离这些路径，致使基于时延的定位算法输入错误距离估计**[1][2]。

注：文献未提及NLOS对信号幅度、相位或频率的具体影响机制，亦未给出定量偏差范围或对比数据，故不作延伸推断。","[1] 06_2023_Underwater_Wireless_Sensor_Network-Based_Localization_Method_under_Mixed_Line-of-Sight_Non-Line-of-Sight_Condi.pdf，第 3 页，chunk 450
[2] 06_2023_Underwater_Wireless_Sensor_Network-Based_Localization_Method_under_Mixed_Line-of-Sight_Non-Line-of-Sight_Condi.pdf，第 2 页，chunk 442
[3] 06_2023_Underwater_Wireless_Sensor_Network-Based_Localization_Method_under_Mixed_Line-of-Sight_Non-Line-of-Sight_Condi.pdf，第 1 页，chunk 435
[4] 06_2023_Underwater_Wireless_Sensor_Network-Based_Localization_Method_under_Mixed_Line-of-Sight_Non-Line-of-Sight_Condi.pdf，第 4 页，chunk 454",,,,
RSS测量如何用于水下声学传感器网络目标定位？,"RSS（Received Signal Strength，接收信号强度）在水下声学传感器网络（UASN）中**极少被直接用于目标定位**，主要原因在于其**在水下声信道中极不可靠、非稳健且难以建模**。这不是技术实现上的“不常用”，而是物理层面的根本性限制。

具体原因如下：

1. **声传播衰减机制复杂**：  
   水下声波衰减不仅随距离呈几何扩散（1/r²），还强烈依赖频率、水深、温盐层结、海底底质、气泡层、生物噪声等。吸收衰减（尤其高频）呈指数增长（e⁻αr），而α本身随频率、温度、pH值显著变化。这使得RSS与距离之间**不存在稳定、普适的单调映射关系**（如无线通信中常用的对数路径损耗模型）。

2. **多径与相干衰落严重**：  
   水下声速剖面导致声线弯曲，产生强多径（表面/海底反射、会聚区/阴影区）、时变信道（内波引起声速起伏）、以及深度选择性衰落。同一距离处，RSS可因微小深度变化或环境扰动而波动20–40 dB，远超定位所需精度要求。

3. **缺乏可靠的参考功率标定**：  
   目标声源（如AUV信标、鱼群回声）的发射功率通常未知、时变（电池压降、换能器指向性偏移、安装姿态变化），且无法像陆地RF那样通过握手协议校准。传感器节点自身灵敏度、前置放大增益、ADC量化误差也难以长期稳定标定。

4. **实际系统弃用RSS定位**：  
   主流水下定位方法严格依赖**时间域信息**：  
   - **TDOA（Time Difference of Arrival）**：利用多个锚节点接收同一声脉冲的时间差构建双曲面，是UASN中最主流的被动/主动定位方式；  
   - **TOA（Time of Arrival）**：需严格同步（如通过长基线LBL或超短基线USBL辅助授时）；  
   - **AOA（Angle of Arrival）**：需阵列接收，受阵列尺寸和波长限制（低频声波波长数十米，小型节点难以实现高精度测向）。

✅ 补充说明：RSS在UASN中仅用于**辅助功能**，例如：  
- 粗略链路质量评估（如判断是否处于有效通信范围）；  
- 低功耗唤醒触发（当RSS超过阈值时启动高精度测距）；  
- 结合TDOA/TOA做加权融合（如对高RSS值的测量赋予更高权重），但此时RSS不提供独立距离信息，仅作置信度指标。

**结论**：RSS不能作为水下声学目标定位的主要观测量。试图用RSS构建距离估计并进行三角/三边定位，在真实海洋环境中会导致数量级级别的定位误差（百米至千米级），完全不可用。可靠定位必须基于声波传播时间（TDOA/TOA）或到达方向（AOA）。","根据给定文献上下文，RSS测量用于水下声学传感器网络（UWSN）目标定位的方式如下：

1. **基本原理**：采用对数正态阴影模型建模RSS与距离的关系。对于第i个锚节点与目标节点之间的水下声信道，其接收信号强度（单位：dBm）表示为：  
   \[
   P_i = P_0 - 10\gamma \log_{10}\left(\frac{d_i}{d_0}\right)
   \]  
   其中 \(P_0\) 是参考距离 \(d_0\) 处的接收功率，\(\gamma\) 为路径损耗指数，\(d_i\) 为待估计的欧氏距离[2]。

2. **系统架构**：采用**集中式处理模式**，所有锚节点（配备全向天线）测量其与目标节点之间的RSS，并将测量值上传至中央处理器；假设所有节点位置在计算期间保持静止[2]。

3. **定位流程**：  
   - 中央处理器基于上述RSS模型，将各 \(P_i\) 转换为距离估计 \(\hat{d}_i\)（需已知或标定 \(P_0, \gamma, d_0\)）；  
   - 利用多个锚节点（\(i = 1,2,\dots,N\)）的距离估计构建非线性最小二乘问题；  
   - 通过优化算法（如最小化相关均方误差）求解目标坐标[1]。文献[1]进一步指出，该方法中RSS辅助的定位需结合回归模型进行初步位置估计，再通过误差最小化精调[1]。

4. **实际限制**：文献明确指出，由于水下环境极端且时变（如多径、吸收、散射、时变声道），传感器难以稳定检测和接收信号能量，导致RSS测量**在实际水下声学定位中极少被采用**[3]。其理论可行性依赖于模型参数准确性和信道平稳性，但实证证据未在给定上下文中提供。

综上，RSS可用于UWSN目标定位的**理论框架是基于对数距离路径损耗模型的集中式距离估计与优化定位**[2][1]，但文献强调其**工程适用性严重受限**，实践中“rarely considered”[3]。无文献提及RSS与其他测量（如TDOA/AOA）的融合机制，亦未给出具体算法复杂度、鲁棒性或实测精度数据。

→ 关键结论：  
- RSS定位依赖对数正态阴影模型及集中式距离反演与优化[2][1]；  
- 因水下信道剧烈衰落与能量检测困难，RSS在实际UWSN中极少应用[3]。","[1] 05_2020_Underwater_TDOA_Acoustical_Location_Based_on_Majorization-Minimization_Optimization.pdf，第 2 页，chunk 349
[2] 07_2018_Target_Localization_in_Underwater_Acoustic_Sensor_Networks_Using_RSS_Measurements.pdf，第 2 页，chunk 531
[3] 04_2023_Efficient_Underwater_Acoustical_Localization_Method_Based_on_TDOA_with_Sensor_Position_Errors.pdf，第 2 页，chunk 260
[4] 07_2018_Target_Localization_in_Underwater_Acoustic_Sensor_Networks_Using_RSS_Measurements.pdf，第 1 页，chunk 524",,,,
粗到细定位策略在水声通信接收机定位中的作用是什么？,"粗到细定位策略在水声通信接收机定位中主要用于**高效、鲁棒地估计信号到达时间（ToA）或时延，从而提升定位精度与抗干扰能力**。

其核心作用体现在以下三方面：

1. **分阶段降低计算复杂度与误判风险**：  
   水声信道具有强多途、长时延扩展、低信噪比和时变特性，直接在全搜索范围内进行精细相关（如逐采样点匹配滤波）易受噪声和多途干扰导致峰值偏移或误锁。粗到细策略先在较宽时延步长（如毫秒级）进行粗搜索，快速锁定候选时延区间；再在该区间内以高分辨率（如微秒或采样点级）精搜，显著减少计算量，同时规避全局误峰干扰。

2. **增强对信道畸变的鲁棒性**：  
   粗定位通常采用能量检测、短时平均功率门限或低分辨率互相关等抗噪性强但精度低的方法，能可靠捕获主径大致位置；细定位则在粗结果引导下，结合信道估计（如MMSE均衡）、模板匹配或迭代优化（如Newton-Raphson精修），抑制多途混淆，提高时延估计准确性——这对基于ToA/TDoA的定位至关重要。

3. **支撑实时性与资源受限场景应用**：  
   在嵌入式水声接收机中，计算资源和功耗受限。该策略通过“先快后准”的两阶段设计，在保证亚符号级时延精度（对应厘米至分米级距离精度）的同时，满足实时处理要求，是工程实践中广泛采用的实用化方案。

简言之：**它不是一种独立算法，而是一种系统级设计范式，通过时空尺度上的分层优化，平衡了水声定位中精度、鲁棒性与实时性的根本矛盾。**","文献上下文中**未提及“粗到细定位策略”这一术语**，也未描述其在水声通信接收机定位中的任何作用、实现方式、流程设计或性能影响。

所有提供的文献片段均围绕以下主题展开：
- TDOA（时差定位）[1][4]；
- FDOA（频差定位）[1]；
- AOA（到达角定位）[4]；
- 超短基线（USBL）、短基线（SBL）、长基线（LBL）系统分类与特点[2][3]；
- 锚节点/代理节点架构[4]；
- 卡尔曼滤波闭环跟踪[1]；
- 两路声信号传播时间测距[3]。

但**无一处定义、引用、讨论或隐含“粗到细定位策略”（coarse-to-fine localization strategy）**——该术语在给定文献中完全缺失，亦无等效表述（如“hierarchical search”、“multi-stage estimation”、“initial coarse estimate followed by refinement”等）。

因此，依据严格文献依据原则：

**无法回答该问题；证据不足。**","[1] 05_2020_Underwater_TDOA_Acoustical_Location_Based_on_Majorization-Minimization_Optimization.pdf，第 4 页，chunk 362
[2] 10_2024_A_High-Precision,_Ultra-Short_Baseline_Positioning_Method_for_Full_Sea_Depth.pdf，第 1 页，chunk 800
[3] 02_2024_Underwater_Acoustic_Source_Seeking_Using_Time-Difference-of-Arrival_Measurements.pdf，第 1 页，chunk 113
[4] 05_2020_Underwater_TDOA_Acoustical_Location_Based_on_Majorization-Minimization_Optimization.pdf，第 2 页，chunk 348",,,,
移动目标协同定位中传播速度未知时如何处理？,"在移动目标协同定位中，当传播速度（如电磁波、声波等信号的传播速度）未知时，该参数会与目标位置、时延、时钟偏差等参数强耦合，导致定位方程非线性且不可辨识。处理的核心思路是：**将传播速度作为待估参数与位置、时钟状态联合优化，并通过系统可观测性设计保障可估性**。具体方法包括：

1. **联合状态扩维估计**  
   将传播速度 \(c\)（或其倒数 \(1/c\)）纳入扩展状态向量，例如对多智能体协同定位，状态向量可设为  
   \[
   \mathbf{x} = [\mathbf{p}_1^\top, \dots, \mathbf{p}_N^\top, \mathbf{b}_1, \dots, \mathbf{b}_M, c]^\top
   \]  
   其中 \(\mathbf{p}_i\) 为第 \(i\) 个目标/锚节点位置，\(\mathbf{b}_j\) 为第 \(j\) 个节点的时钟偏差（含偏移与漂移），\(c\) 为待估传播速度。利用TDOA、TOA或RTT等测量构建非线性观测模型（如 \(d_{ij} = \|\mathbf{p}_i - \mathbf{p}_j\| = c \cdot \tau_{ij}\)），再通过EKF、UKF或优化方法（如高斯-牛顿、Levenberg-Marquardt）联合迭代求解。

2. **利用运动激励提升可观测性**  
   静态网络下，仅靠距离测量无法唯一分离 \(c\) 与尺度（即存在尺度模糊）；但移动目标的**相对运动引入几何变化**，使距离差的时间导数（即相对径向速度）携带与 \(c\) 解耦的信息。例如，对连续TOA测量，其时间导数满足  
   \[
   \dot{\rho}_{ij}(t) = \frac{(\mathbf{p}_i - \mathbf{p}_j)^\top (\dot{\mathbf{p}}_i - \dot{\mathbf{p}}_j)}{\|\mathbf{p}_i - \mathbf{p}_j\|} = c \cdot \dot{\tau}_{ij}(t)
   \]  
   此式不含绝对距离，仅含相对运动与传播速度，可构成独立约束，显著缓解尺度耦合。

3. **引入冗余测量与异构信息**  
   - 混合TOA/TDOA/DOA：TDOA天然消除公共时钟偏差，但保留 \(c\)；DOA提供角度约束，与距离解耦，辅助约束尺度。  
   - 融合IMU或视觉里程计：提供无尺度的相对位姿变化，与基于 \(c\) 的测距形成互补，实现紧耦合导航（如GNSS拒止下的UWB+IMU协同定位）。  
   - 利用已知几何结构（如室内房间尺寸、锚点间已知距离）作为硬约束，直接校准 \(c\)。

4. **可观测性分析先行**  
   在部署前需验证系统是否满足**局部可观测性条件**：雅可比矩阵关于 \([c, \mathbf{p}, \mathbf{b}]\) 的秩必须满列秩。典型结论是——至少需要3个非共线移动节点，且运动轨迹不共面/不全径向，才能唯一估计 \(c\) 和位置；纯静态配置下，\(c\) 与全局尺度完全不可分。

5. **实际工程中的简化策略**  
   - 若环境介质均匀（如开阔空域中电磁波），\(c\) 可视为常量，通过在线标定（如选取一段已知距离的参考链路实时估计 \(c\)）进行慢时变补偿。  
   - 对声学定位等 \(c\) 易受温湿度影响的场景，可建模 \(c = f(T, RH)\)，转而估计环境参数，降低状态维度。

本质而言，“传播速度未知”并非不可解，而是要求系统具备**足够的运动自由度、测量多样性与时序信息**，将原本的尺度模糊转化为可估计的状态变量。关键不在回避未知，而在主动设计可观测性。","根据给定文献上下文，移动目标协同定位中传播速度（即声速）未知时的处理方法如下：

该文献提出了一种**联合AOA/TDOA/FDOA的两步闭式协同定位算法**，专门用于解决水下移动声源目标定位中**信号传播速度未知且观测平台存在系统误差**的问题[3]。该算法通过融合角度（AOA）、时差（TDOA）和频差（FDOA）三类测量信息，在不预先已知声速的前提下实现目标状态（位置、速度）与声速的联合估计[3]。

关键证据表明：  
- 文献标题及摘要明确指出其研究对象为“具有未知恒定信号传播速度和平台误差的水下移动目标协同定位”[2]；  
- 方法层面采用AOA/TDOA/FDOA联合估计，可同时解耦目标运动参数与未知声速[3]；  
- 性能验证部分通过CRLB分析对比了声速已知与未知两种情形下的定位精度下界，证实该算法在声速未知时仍可达CRLB（在可接受误差范围内）[1][3]。

未见文献提及迭代搜索、离线校准、声速剖面建模或外部辅助（如CTD数据）等其他处理方式；亦无关于声速时变、空变或非恒定假设的讨论。

结论：  
→ 采用**AOA/TDOA/FDOA联合的两步闭式算法**，将未知恒定声速作为待估参数与目标状态联合求解[3]；  
→ 理论性能由CRLB刻画，仿真验证其在声速未知时仍逼近理论精度极限[1][3]。

注：文献未说明是否需初始声速猜测、是否保证全局收敛、或对FDOA测量精度的具体鲁棒性要求；相关细节证据不足，不予推断。","[1] 09_2024_A_Co-Localization_Algorithm_for_Underwater_Moving_Targets_with_an_Unknown_Constant_Signal_Propagation_Speed_an.pdf，第 9 页，chunk 709
[2] 09_2024_A_Co-Localization_Algorithm_for_Underwater_Moving_Targets_with_an_Unknown_Constant_Signal_Propagation_Speed_an.pdf，第 1 页，chunk 667
[3] 09_2024_A_Co-Localization_Algorithm_for_Underwater_Moving_Targets_with_an_Unknown_Constant_Signal_Propagation_Speed_an.pdf，第 3 页，chunk 683
[4] 07_2018_Target_Localization_in_Underwater_Acoustic_Sensor_Networks_Using_RSS_Measurements.pdf，第 2 页，chunk 528",,,,
USBL定位的基本思想是什么？,USBL（Ultra-Short Baseline）定位的基本思想是：利用安装在同一平台（如船体或水下设备）上的一个小型基阵（通常由4个紧密排列的水听器组成，基线长度仅几十厘米），通过测量目标声源（如水下应答器）发射的声信号到达各水听器的**相对时延差**（TDOA），结合已知的声速，解算出目标相对于基阵的**方位角（方位角和俯仰角）**；再结合测得的**斜距**（通常由应答式工作模式下的往返时间乘以声速的一半获得），最终在基阵坐标系中确定目标的三维相对位置。其核心在于“超短基线”带来的紧凑结构和高集成度，但需依赖精确的声速剖面校正和系统标定（如阵元位置、相位响应、安装偏差等）来补偿因基线过短导致的角度敏感度低、多径和噪声影响大的问题。,"USBL（Ultra-Short Baseline）定位的基本思想是：**利用安装在载体（如船体）上、基线长度极短（通常远小于声波波长或仅数厘米至数十厘米）的水听器阵列，通过高精度估计目标信号的到达方向（DOA, Direction of Arrival），结合声波传播时延和载体姿态信息，解算目标相对于载体的三维相对位置**。

该思想在文献中体现为以下关键环节：

- 首先通过**波束形成（beamforming）与波束跟踪（beam tracking）相结合**实现方位粗搜与精跟，以提升方向估计精度[1]；  
- 具体流程包括：DFT波束形成用于初始搜索（search state），进入跟踪状态后改用相移波束形成（phase shift beamforming）以提高实时性与精度[2]；  
- 核心DOA估计采用**LS-ESPRIT算法**（基于旋转不变性的最小二乘信号参数估计），显著提升角度分辨力与抗噪能力[2]；  
- 最终依据**传播时延（step 4）与DOA估计结果（step 5）**，并融合载体姿态（如横摇、纵摇、艏向）进行坐标变换，得到目标在本地坐标系中的相对位置[2]。

注：文献未明确定义“基本思想”的教科书式表述，但上述技术路径完整覆盖USBL的核心原理——即**以短基线阵列实现高精度DOA估计，并与时延、姿态联合解算位置**，符合USBL区别于LBL（长基线）和SBL（短基线）的本质特征。  

无文献直接陈述“USBL基本思想”这一抽象定义句，故结论严格依据[1][2]所描述的方法框架归纳得出。","[1] 10_2024_A_High-Precision,_Ultra-Short_Baseline_Positioning_Method_for_Full_Sea_Depth.pdf，第 1 页，chunk 797
[2] 10_2024_A_High-Precision,_Ultra-Short_Baseline_Positioning_Method_for_Full_Sea_Depth.pdf，第 7 页，chunk 834
[3] 10_2024_A_High-Precision,_Ultra-Short_Baseline_Positioning_Method_for_Full_Sea_Depth.pdf，第 4 页，chunk 818
[4] 10_2024_A_High-Precision,_Ultra-Short_Baseline_Positioning_Method_for_Full_Sea_Depth.pdf，第 4 页，chunk 817",,,,
全海深USBL定位面临哪些主要误差来源？,"全海深USBL（超短基线）定位系统在万米级深海环境中面临以下主要误差来源：

1. **声速剖面误差**：  
   - 海水声速随温度、盐度和压力（深度）剧烈变化，尤其在深层存在跃变层（如温跃层、卤跃层）。实测声速剖面缺失或插值/建模不准（如使用标准Mackenzie公式或忽略局部异常），会导致射线弯曲路径计算偏差，引起显著测距和测向误差；在万米深度，声速梯度累积效应可导致定位偏差达数十米甚至百米。

2. **换能器阵列几何误差与校准偏差**：  
   - USBL依赖阵元间微小相位差解算目标方位，阵元位置精度（亚毫米级）、安装倾角、基座刚性变形（受高压、冷缩影响）、以及出厂标定残余误差（如互易性误差、通道幅相不一致性）均会直接恶化角度分辨率。全海深工况下（>110 MPa），耐压壳体形变可能使阵列几何参数发生不可逆偏移。

3. **多径效应与混响干扰**：  
   - 深海海底地形复杂（海山、海沟、沉积物界面），导致直达波之外存在强海底反射波、侧向散射及多次反射；低信噪比下，接收机易将强多径信号误判为直达波，造成伪距偏大和方位角跳变。

4. **运动平台扰动（船摇与升降）**：  
   - 母船在海面受风浪影响产生纵摇、横摇、升沉，虽可通过IMU/POS实时补偿，但高阶动态（如非线性加速度、IMU零偏漂移、姿态解算延迟）在长距离（>6 km）传播中被放大，导致基准坐标系转换误差；尤其在深水，声波往返时间长达数秒，船体运动积分误差显著。

5. **时延测量精度限制**：  
   - 基于相关法的TOA（到达时间）估计受带宽、信噪比、码型设计制约；全海深链路衰减大（扩展损失+吸收损失），接收信噪比常低于10 dB，导致时延估计方差增大，测距标准差可达数米。

6. **同步误差与系统时钟抖动**：  
   - 水下应答器与船载USBL主控之间依赖声学或光纤授时，但声学同步本身受传播时变影响；若采用本地晶振，微秒级时钟漂移在长时作业中累积为毫秒级偏差，对应测距误差达米级。

7. **目标运动引入的多普勒失配与回波展宽**：  
   - AUV/ROV等高速运动目标引起显著多普勒频移，若接收端未实时补偿，将导致匹配滤波性能下降、信噪比损失、时延估计偏移；同时运动导致回波相干时间缩短，加剧时延估计不确定性。

这些误差具有强耦合性（如声速误差会放大多径和运动补偿误差），且随深度增加呈非线性恶化，在马里亚纳海沟等极端环境下，综合定位误差常达水深的0.5%–2%，即数十米量级。","根据所给文献上下文，全海深USBL定位面临的主要误差来源包括：

1. **传感器位置误差（Sensor Position Errors）**：  
   文献[1]明确指出，在深海环境中，“传感器几乎不可能保持静止，受不可预测的洋流影响”[26]；而传感器位置不确定性会直接导致USBL系统基阵几何构型失准，进而引入显著定位偏差。文中还提到已有研究（如[27][29]）专门针对该误差设计校正方法，印证其为关键误差源[1]。

2. **声速未知与时空变化（Unknown and Variable Sound Speed）**：  
   文献[2]将“声传播速度常未知”列为水下定位的首要挑战，并强调其与洋流共同导致传感器参数（位置、速度）不确定性。USBL依赖精确声速进行时延-距离换算，声速建模误差（尤其在全海深温盐压剧烈变化环境下）将直接放大测距/测角误差[2]。

3. **洋流引起的传感器运动与参数漂移（Ocean Current–Induced Motion & Parameter Drift）**：  
   文献[1]和[2]均强调“不可预测的洋流”是核心环境扰动源：一方面使传感器（尤其是拖曳式或布放式USBL基阵）发生位移与姿态变化；另一方面导致传感器自身位置、速度等参数实时失准[1][2]。该效应在全海深长时间作业中尤为突出。

4. **TDOA测量噪声及其相关性建模不足（TDOA Measurement Noise Modeling Deficiency）**：  
   文献[1]指出，多数现有方法“假设TDOA测量值与其测量噪声相互独立”，但实际中二者可能存在相关性；文献[1]引用[30]提出需考虑该相关性以提升精度，暗示忽略此特性会引入系统性估计偏差——这对高精度全海深USBL（依赖微秒级TDOA分辨）尤为敏感[1]。

⚠️ 注意：  
- 文献未提及多径效应、非线性声道弯曲、换能器指向性误差、时钟同步误差等常见误差源，**依据给定上下文无法确认其存在或重要性**；  
- 文献[4]虽题为“全海深USBL”，但仅描述方法框架（LS-ESPRIT+波束跟踪），**未列明具体误差来源**，故不作为误差依据；  
- 所有结论均严格源自所给四段文献，无外部知识补充。

综上，全海深USBL定位的主要误差来源为：传感器位置误差[1]、声速未知与变化[2]、洋流致传感器运动与参数漂移[1][2]、以及TDOA测量噪声相关性被忽略[1]。","[1] 04_2023_Efficient_Underwater_Acoustical_Localization_Method_Based_on_TDOA_with_Sensor_Position_Errors.pdf，第 2 页，chunk 264
[2] 01_2018_Underwater_Source_Localization_Using_TDOA_and_FDOA_Measurements_with_Unknown_Propagation_Speed_and_Sensor_Para.pdf，第 1 页，chunk 1
[3] 05_2020_Underwater_TDOA_Acoustical_Location_Based_on_Majorization-Minimization_Optimization.pdf，第 2 页，chunk 345
[4] 10_2024_A_High-Precision,_Ultra-Short_Baseline_Positioning_Method_for_Full_Sea_Depth.pdf，第 1 页，chunk 797",,,,
